[{"Idioma":"Español","ISO":"spa"},
{"Idioma":"Inglés","ISO":"eng"},
{"Idioma":"Abkhaz","ISO":"abk"},
{"Idioma":"Afar","ISO":"aar"},
{"Idioma":"Africanos","ISO":"afr"},
{"Idioma":"Akan","ISO":"aka"},
{"Idioma":"Albania","ISO":"sqi"},
{"Idioma":"Amárico","ISO":"amh"},
{"Idioma":"Árabe","ISO":"ara"},
{"Idioma":"Aragonés","ISO":"arg"},
{"Idioma":"Armenio","ISO":"hye"},
{"Idioma":"Assamese","ISO":"asm"},
{"Idioma":"Avaric","ISO":"ava"},
{"Idioma":"Avestan","ISO":"ave"},
{"Idioma":"Aymara","ISO":"aym"},
{"Idioma":"Azerbaiyán","ISO":"aze"},
{"Idioma":"Bambara","ISO":"bam"},
{"Idioma":"Bashkir","ISO":"bak"},
{"Idioma":"Vasco","ISO":"eus"},
{"Idioma":"Belarús","ISO":"bel"},
{"Idioma":"Bengalí","ISO":"ben"},
{"Idioma":"Bihari","ISO":"bih"},
{"Idioma":"Bislama","ISO":"bis"},
{"Idioma":"Bosnia","ISO":"bos"},
{"Idioma":"Breton","ISO":"bre"},
{"Idioma":"Búlgaro","ISO":"bul"},
{"Idioma":"Burmese","ISO":"mya"},
{"Idioma":"Catalán","ISO":"cat"},
{"Idioma":"Chamorro","ISO":"cha"},
{"Idioma":"Chechenio","ISO":"che"},
{"Idioma":"Chichewa, Chewa, Nyanja","ISO":"nya"},
{"Idioma":"Chino","ISO":"zho"},
{"Idioma":"Chuvashia","ISO":"chv"},
{"Idioma":"Cornualles","ISO":"cor"},
{"Idioma":"Corso","ISO":"cos"},
{"Idioma":"Cree","ISO":"cre"},
{"Idioma":"Croacia","ISO":"hrv"},
{"Idioma":"Checo","ISO":"ces"},
{"Idioma":"Danés","ISO":"dan"},
{"Idioma":"Divehi, Dhivehi, Maldivas","ISO":"div"},
{"Idioma":"Holandés","ISO":"nld"},
{"Idioma":"Dzongkha","ISO":"dzo"},
{"Idioma":"Esperanto","ISO":"epo"},
{"Idioma":"Estonia","ISO":"est"},
{"Idioma":"Ewe","ISO":"ewe"},
{"Idioma":"Faroese","ISO":"fao"},
{"Idioma":"Fiji","ISO":"fij"},
{"Idioma":"Finlandés","ISO":"fin"},
{"Idioma":"Francés","ISO":"fra"},
{"Idioma":"Fula, Fulah, Pulaar, Pular","ISO":"ful"},
{"Idioma":"Galicia","ISO":"glg"},
{"Idioma":"Georgiano","ISO":"kat"},
{"Idioma":"Alemán","ISO":"deu"},
{"Idioma":"Griego Moderno","ISO":"ell"},
{"Idioma":"Guaraní","ISO":"grn"},
{"Idioma":"Gujarati","ISO":"guj"},
{"Idioma":"Haitiano, creole haitiano","ISO":"hat"},
{"Idioma":"Hausa","ISO":"hau"},
{"Idioma":"Hebreo (moderno)","ISO":"heb"},
{"Idioma":"Herero","ISO":"her"},
{"Idioma":"Hindi","ISO":"hin"},
{"Idioma":"Hiri Motu","ISO":"hmo"},
{"Idioma":"Húngaro","ISO":"hun"},
{"Idioma":"Interlingua","ISO":"ina"},
{"Idioma":"Indonesio","ISO":"ind"},
{"Idioma":"Interlingue","ISO":"ile"},
{"Idioma":"Irlanda","ISO":"gle"},
{"Idioma":"Igbo","ISO":"ibo"},
{"Idioma":"Inupiaq","ISO":"ipk"},
{"Idioma":"Ido","ISO":"ido"},
{"Idioma":"Islandés","ISO":"isl"},
{"Idioma":"Italiano","ISO":"ita"},
{"Idioma":"Inuktitut","ISO":"iku"},
{"Idioma":"Japonés","ISO":"jpn"},
{"Idioma":"Javanés","ISO":"jav"},
{"Idioma":"Kalaallisut, Groenlandia","ISO":"kal"},
{"Idioma":"Canarés","ISO":"kan"},
{"Idioma":"Kanuri","ISO":"kau"},
{"Idioma":"Cachemira","ISO":"kas"},
{"Idioma":"Kazajstán","ISO":"kaz"},
{"Idioma":"Khmer","ISO":"khm"},
{"Idioma":"Kikuyu, Gikuyu","ISO":"kik"},
{"Idioma":"Kinyarwanda","ISO":"kin"},
{"Idioma":"Kirguises, Kirguistán","ISO":"kir"},
{"Idioma":"Komi","ISO":"kom"},
{"Idioma":"Kongo","ISO":"kon"},
{"Idioma":"Corea","ISO":"kor"},
{"Idioma":"Kurdo","ISO":"kur"},
{"Idioma":"Kwanyama, Kuanyama","ISO":"kua"},
{"Idioma":"Latin","ISO":"lat"},
{"Idioma":"Luxemburgués, Luxemburgués","ISO":"ltz"},
{"Idioma":"Luganda","ISO":"lug"},
{"Idioma":"Limburgués, Limburgan, Limburger","ISO":"lim"},
{"Idioma":"Lingala","ISO":"lin"},
{"Idioma":"Lao","ISO":"lao"},
{"Idioma":"Lituano","ISO":"lit"},
{"Idioma":"Luba-Katanga","ISO":"lub"},
{"Idioma":"Letonia","ISO":"lav"},
{"Idioma":"Manx","ISO":"glv"},
{"Idioma":"Macedonia","ISO":"mkd"},
{"Idioma":"Madagascar","ISO":"mlg"},
{"Idioma":"Malayo","ISO":"msa"},
{"Idioma":"Malayalam","ISO":"mal"},
{"Idioma":"Maltés","ISO":"mlt"},
{"Idioma":"Māori","ISO":"mri"},
{"Idioma":"Maratí (Marathi)","ISO":"mar"},
{"Idioma":"De las Islas Marshall","ISO":"mah"},
{"Idioma":"Mongolia","ISO":"mon"},
{"Idioma":"Nauru","ISO":"nau"},
{"Idioma":"Navajo, Navaho","ISO":"nav"},
{"Idioma":"Noruego Bokmål","ISO":"nob"},
{"Idioma":"Ndebele del Norte","ISO":"nde"},
{"Idioma":"Nepali","ISO":"nep"},
{"Idioma":"Ndonga","ISO":"ndo"},
{"Idioma":"Noruego Nynorsk","ISO":"nno"},
{"Idioma":"Noruego","ISO":"nor"},
{"Idioma":"Nuosu","ISO":"iii"},
{"Idioma":"Ndebele del sur","ISO":"nbl"},
{"Idioma":"Occitano","ISO":"oci"},
{"Idioma":"Ojibwe, Ojibwa","ISO":"oji"},
{"Idioma":"Antiguo eslavo eclesiástico, Iglesia eslava, eslavo eclesiástico, antiguo Búlgaro, Esclavo viejo","ISO":"chu"},
{"Idioma":"Oromo","ISO":"orm"},
{"Idioma":"Oriya","ISO":"ori"},
{"Idioma":"Osetia del Sur, osetio","ISO":"oss"},
{"Idioma":"Panjabi, Punjabi","ISO":"pan"},
{"Idioma":"Pāli","ISO":"pli"},
{"Idioma":"Persa","ISO":"fas"},
{"Idioma":"Polaco","ISO":"pol"},
{"Idioma":"Pashto, Pushto","ISO":"pus"},
{"Idioma":"Portugués","ISO":"por"},
{"Idioma":"Quechua","ISO":"que"},
{"Idioma":"Romanche","ISO":"roh"},
{"Idioma":"Kirundi","ISO":"run"},
{"Idioma":"Rumania, Moldavia, Moldavan","ISO":"ron"},
{"Idioma":"Ruso","ISO":"rus"},
{"Idioma":"Sánscrito (samskrta)","ISO":"san"},
{"Idioma":"Sardo","ISO":"srd"},
{"Idioma":"Sindhi","ISO":"snd"},
{"Idioma":"Sami del norte","ISO":"sme"},
{"Idioma":"Samoa","ISO":"smo"},
{"Idioma":"Sango","ISO":"sag"},
{"Idioma":"Serbio","ISO":"srp"},
{"Idioma":"Gaélico escocés, gaélico","ISO":"gla"},
{"Idioma":"Shona","ISO":"sna"},
{"Idioma":"Cingalés, singalés","ISO":"sin"},
{"Idioma":"Eslovaca","ISO":"slk"},
{"Idioma":"Esloveno","ISO":"slv"},
{"Idioma":"Somalí","ISO":"som"},
{"Idioma":"Southern Sotho","ISO":"sot"},
{"Idioma":"Sundanese","ISO":"sun"},
{"Idioma":"Swahili","ISO":"swa"},
{"Idioma":"Swati","ISO":"ssw"},
{"Idioma":"Sueco","ISO":"swe"},
{"Idioma":"Tamil","ISO":"tam"},
{"Idioma":"Telugu","ISO":"tel"},
{"Idioma":"Tayikistán","ISO":"tgk"},
{"Idioma":"Tailandia","ISO":"tha"},
{"Idioma":"Tigrinya","ISO":"tir"},
{"Idioma":"Tibetano estándar, Tibetano, Central","ISO":"bod"},
{"Idioma":"Turkmenistán","ISO":"tuk"},
{"Idioma":"Tagalo","ISO":"tgl"},
{"Idioma":"Tswana","ISO":"tsn"},
{"Idioma":"Tonga (Islas Tonga)","ISO":"ton"},
{"Idioma":"Turco","ISO":"tur"},
{"Idioma":"Tsonga","ISO":"tso"},
{"Idioma":"Tártara","ISO":"tat"},
{"Idioma":"Twi","ISO":"twi"},
{"Idioma":"Tahitian","ISO":"tah"},
{"Idioma":"Uighur, Uyghur","ISO":"uig"},
{"Idioma":"Ucrania","ISO":"ukr"},
{"Idioma":"Urdu","ISO":"urd"},
{"Idioma":"Uzbeko","ISO":"uzb"},
{"Idioma":"Venda","ISO":"ven"},
{"Idioma":"Vietnamita","ISO":"vie"},
{"Idioma":"Volapük","ISO":"vol"},
{"Idioma":"Valonia","ISO":"wln"},
{"Idioma":"Galés","ISO":"cym"},
{"Idioma":"Wolof","ISO":"wol"},
{"Idioma":"Oeste de Frisia","ISO":"fry"},
{"Idioma":"Xhosa","ISO":"xho"},
{"Idioma":"Yiddish","ISO":"yid"},
{"Idioma":"Yoruba","ISO":"yor"},
{"Idioma":"Zhuang, Chuang","ISO":"zha"},
{"Idioma":"Zulu","ISO":"zul"}]